<datapower-configuration version="3"><export-details><description>Exported Configuration</description><user>admin</user><domain>default</domain><comment/><product-id>5725</product-id><product>IDG</product><display-product>IDG</display-product><model>IBM DataPower Gateway</model><display-model>IBM DataPower Gateway</display-model><device-name>ibm-datapower-gateway</device-name><serial-number>0000000</serial-number><firmware-version>IDG.7.5.0.0</firmware-version><display-firmware-version>IDG.7.5.0.0</display-firmware-version><firmware-build>274632</firmware-build><firmware-timestamp>2016/03/02 21:18:56</firmware-timestamp><current-date>2016-04-05</current-date><current-time>20:42:13 EDT</current-time><reset-date>2016-04-04</reset-date><reset-time>11:57:04 EDT</reset-time><login-message/><custom-ui-file/></export-details><interface-data><interface name="eth0" type="Ethernet" vers="ipv4" ip-addr="192.168.225.52"/></interface-data><configuration><Domain name="Services" xmlns:dp="http://www.datapower.com/schemas/management" xmlns:env="http://www.w3.org/2003/05/soap-envelope">
<mAdminState>enabled</mAdminState>
<BaseDir>Services:</BaseDir>
<BaseDir>local:</BaseDir>
<ConfigFile>Services.cfg</ConfigFile>
<NeighborDomain class="Domain">default</NeighborDomain>
<URLMap>
<http>on</http>
<https>on</https>
<snmp>off</snmp>
<ftp>off</ftp>
<mailto>off</mailto>
<mq>off</mq></URLMap>
<FileMap>
<CopyFrom>on</CopyFrom>
<CopyTo>on</CopyTo>
<Delete>on</Delete>
<Display>on</Display>
<Exec>on</Exec>
<Subdir>on</Subdir></FileMap>
<MonitoringMap>
<Audit>off</Audit>
<Log>off</Log></MonitoringMap>
<ConfigMode>local</ConfigMode>
<ImportFormat>ZIP</ImportFormat>
<LocalIPRewrite>on</LocalIPRewrite>
<MaxChkpoints>3</MaxChkpoints></Domain></configuration><domains><domain name="Services"/></domains></datapower-configuration>